,Coefficient,Std. Error,z-value,p-value,95% CI Lower,95% CI Upper,IRR,IRR 95% CI Lower,IRR 95% CI Upper
inflate_const,-0.280891,0.215278,-1.304786,0.191966,-0.702835,0.141053,0.755110,0.495179,1.151485
inflate_Tutored,-12.014599,79.125843,-0.151842,0.879312,-167.101251,143.072052,0.000006,0.000000,136584893053879204927044077725693118741011583039262692734926848.000000
const,-0.067864,0.102261,-0.663632,0.506926,-0.268295,0.132568,0.934388,0.764682,1.141757
Tutored,0.772238,0.168303,4.588379,0.000004,0.442364,1.102112,2.164605,1.556382,3.010516
alpha,1.952061,0.286548,6.812340,0.000000,1.390427,2.513695,7.043190,4.016566,12.350480
